frame.number	frame.time_relative	ip.src	udp.srcport	ip.dst	udp.dstport	_ws.col.info
"1"	"0.000000000"	"10.10.10.20"	"5062"	"10.10.10.10"	"5060"	"Request: INVITE sip:800@lab.local | "
"2"	"0.000586000"	"10.10.10.10"	"5060"	"10.10.10.20"	"5062"	"Status: 100 trying -- your call is important to us | "
"3"	"0.000637000"	"10.10.10.10"	"5060"	"10.10.10.41"	"5070"	"Request: INVITE sip:+97145550123@localcred.sip.vapi.ai | "
"4"	"0.000775000"	"10.10.10.41"	"5070"	"10.10.10.10"	"5060"	"Status: 100 Trying | "
"5"	"0.001893000"	"10.10.10.41"	"5070"	"10.10.10.10"	"5060"	"Status: 180 Ringing | "
"6"	"0.002017000"	"10.10.10.10"	"5060"	"10.10.10.20"	"5062"	"Status: 180 Ringing | "
"7"	"0.002996000"	"10.10.10.41"	"5070"	"10.10.10.10"	"5060"	"Status: 200 OK (INVITE) | "
"8"	"0.003139000"	"10.10.10.10"	"5060"	"10.10.10.20"	"5062"	"Status: 200 OK (INVITE) | "
"9"	"0.003162000"	"10.10.10.20"	"5062"	"10.10.10.10"	"5060"	"Request: ACK sip:800@lab.local | "
