frame.number	frame.time_relative	ip.src	udp.srcport	ip.dst	udp.dstport	_ws.col.info
"1"	"0.000000000"	"10.10.10.20"	"5062"	"10.10.10.10"	"5060"	"Request: INVITE sip:800@lab.local | "
"2"	"0.002355000"	"10.10.10.10"	"5060"	"10.10.10.20"	"5062"	"Status: 100 trying -- your call is important to us | "
"3"	"0.002558000"	"10.10.10.10"	"5060"	"10.10.10.42"	"5080"	"Request: INVITE sip:+97145550123@localcred.sip.vapi.ai | "
"4"	"0.002740000"	"10.10.10.42"	"5080"	"10.10.10.10"	"5060"	"Status: 100 Trying | "
"5"	"0.003901000"	"10.10.10.42"	"5080"	"10.10.10.10"	"5060"	"Status: 180 Ringing | "
"6"	"0.004059000"	"10.10.10.10"	"5060"	"10.10.10.20"	"5062"	"Status: 180 Ringing | "
"7"	"0.005004000"	"10.10.10.42"	"5080"	"10.10.10.10"	"5060"	"Status: 200 OK (INVITE) | "
"8"	"0.005198000"	"10.10.10.10"	"5060"	"10.10.10.20"	"5062"	"Status: 200 OK (INVITE) | "
"9"	"0.005219000"	"10.10.10.20"	"5062"	"10.10.10.10"	"5060"	"Request: ACK sip:800@lab.local | "
